X,Y,Theta,Speed,Steering
0.0,0.0,0.0,0.0,0.0
0.0,0.0,0.0,0.0,0.014806773341578785
0.000837919490668875,0.0,4.918267551172039e-05,0.0720956928218695,0.022210160012368176
0.016133887720186146,5.511178707656498e-06,0.0008315770466261921,0.23711335773737974,0.025904530132199975
0.044813141937585545,4.5604477965934225e-05,0.002246888976989192,0.33849336049953427,0.027635703439247802
0.08171441209168613,0.0001551627086115141,0.004051039180743618,0.4007770254957441,0.0282936489128073
0.12366669495041091,0.00035941132827066637,0.006094075477393844,0.4390415236183289,0.028362015665181994
0.16872171827285887,0.0006734588290510246,0.008283873472375065,0.46254964274815835,0.0281065797495404
0.21568241213349446,0.0011053210272667243,0.010563835762129178,0.4769920552228193,0.027674900010889736
0.2638132223045625,0.001658756374605974,0.012899191251501059,0.4858648738833121,0.02749155682964384
0.3126621363855199,0.002335210391659289,0.015268578023118559,0.49131596532112526,0.027058762680353215
0.3619513416064543,0.0031349844956377257,0.017658872201769295,0.4946648896032936,0.026504025886916374
0.4115100478666653,0.00405788157240401,0.020062011023348793,0.4967223296546377,0.025893246535002853
0.4612332160467093,0.005103536646990105,0.022473041060309763,0.4979863354093854,0.025326695565078175
0.511056201908874,0.006271571445364537,0.024888919132404312,0.49876288807102515,0.024690456793729755
0.5609391781408278,0.00756165645156876,0.02730777563602306,0.49923996978844176,0.024026780098913493
0.6108575638237982,0.008973527670527195,0.02972846196432333,0.4995330689899985,0.023357100131621802
0.6607961446794793,0.010506983367920615,0.03215027246094437,0.4997131369716816,0.022478535764609425
0.7107454608060727,0.01216187357365603,0.03457277359991284,0.49982376326426525,0.02168439851819362
0.7606995874743788,0.013938088353284571,0.036995699040868184,0.49989172746587635,0.020940552188611367
0.8106547717624468,0.01583554733537226,0.039418885155349734,0.4999334818498727,0.020229975470103197
0.860608594978909,0.017854191261633293,0.04184223141682416,0.4999591340100038,0.019052267659256897
0.9105594581052764,0.019993975553902872,0.044265676065962635,0.49997489363226166,0.01810813876739792
0.9605062656841651,0.022254865597834718,0.046689181160397414,0.49998457568993016,0.017288984666148952
1.01044823162158,0.024636833375514734,0.04911272338991297,0.4999905239442196,0.016540512473161555
1.0603847598859208,0.02713985510784712,0.05153628843368045,0.4999941783047186,0.015081782102851044
1.1103153712187894,0.029763909628643476,0.05395986749357724,0.49999642339210165,0.013997003357880457
1.1602396581123682,0.032508977276682845,0.05638345516440201,0.49999780268058697,0.013107414795509524
1.2101572571517873,0.03537503914805481,0.05880704812542346,0.49999865005817234,0.01232363938770286
1.2600678320252487,0.0383620765956927,0.06123064433652211,0.49999917065178273,0.01061998938800087
1.3099710630875905,0.041470070896651536,0.06365424254433329,0.4999994904828849,0.009412736694566805
1.3598666409497548,0.04469900303219928,0.06607784197884174,0.49999968697383657,0.008461915900391281
1.4097542625414254,0.04804885354321088,0.06850144216698208,0.4999998076897202,0.007647547072708008
1.4596336286929603,0.05151960243550933,0.07092504281812256,0.4999998818525477,0.0057653104722353785
1.5095044426506425,0.055111229118155344,0.07334864375371111,0.4999999274151101,0.004468852909073211
1.5593664091652693,0.05882371236337091,0.07577224486405275,0.49999995540685693,0.0034735361228681733
1.6092192339329439,0.06265703028060855,0.07819584608175542,0.4999999726038241,0.0026370434721296786
1.6590649232288164,0.06658216817561825,0.07771112581259722,0.49999998316892685,0.0007350249797438223
1.7089177502416937,0.07041548626206355,0.07528752448841441,0.4999999896596874,-0.00014693314377661786
1.7587797217914876,0.07412796986967038,0.07286392313933665,0.4999999936473412,-0.00024100241409393526
1.8086484556729805,0.0777486052559123,0.07334864341509244,0.49999999609719015,5.0611619199286904e-05
1.8585125871629389,0.08143208596907066,0.07286392313856854,0.49999999760227565,-0.000579939257034893
1.9083834104861117,0.08502371329582507,0.0704403217590273,0.4999999985269378,-0.0008261900028372812
1.9582627920818854,0.08849446320151169,0.06801672037593957,0.49999999909501175,-0.0006025376439557118
2.0081484904481814,0.09187333316527226,0.06850144065340334,0.49999999944401274,-0.00015219470965339318
2.058027872118144,0.09534408307623451,0.07092504204000846,0.4999999996584245,4.302011621713699e-05
2.107900784729381,0.09890670233268721,0.07044032176236804,0.49999999979015025,-0.00021435792299858225
2.1577801664273517,0.10237745224555557,0.06801672037443532,0.49999999987107707,-0.0002756853052677097
2.2076658648564527,0.10575632221346369,0.06850144065214242,0.4999999999207951,3.211196178255887e-05
2.2575472653766635,0.10919805906637137,0.06801672037441973,0.49999999995133976,-0.00011876668406693893
2.3074349123019764,0.11254791116641974,0.06559311898586878,0.49999999997010514,-0.0001252158827789982
2.3573286532546955,0.11580586828175361,0.06607783926360691,0.4999999999816338,0.0002181624828313468
2.40721630018246,0.11915572038197028,0.06850144065227406,0.4999999999887166,0.00032416655155591615
2.457097700708166,0.12259745723526641,0.06801672037453009,0.49999999999306793,-0.002690024006666952
2.5069853476368547,0.12594730933554382,0.06559311898581908,0.49999999999574124,-0.004128295730392065
2.5568809667479657,0.12917624394557564,0.06316951759709782,0.4999999999973836,-0.0045016503875932095
2.6067842649624917,0.13228424209910733,0.06074591620837028,0.4999999999983926,-0.004350791990706553
2.656694949156351,0.13527128554024845,0.05832231481963886,0.49999999999901246,-0.009214075854496878
2.7066127261620987,0.13813735672357902,0.055898713430905064,0.4999999999993933,-0.011294366475950444
2.756537302770639,0.14088243881425164,0.05347511204216981,0.4999999999996273,-0.011991375539967795
2.806468385732944,0.1435065156880903,0.05105151065343364,0.499999999999771,-0.019419120909736503
2.8564056817617742,0.14600957193168468,0.04862790926469694,0.49999999999985933,-0.022778901000871255
2.9063488975333973,0.1483915928424805,0.046204307875959874,0.49999999999991357,-0.024112865532634656
2.9562996391682614,0.15060893620353993,0.04086940160821062,0.49999999999994693,-0.033619710708701844
3.0062644243151033,0.15248218719465953,0.03359362542111969,0.4999999999999673,-0.037595956457307025
3.0562415162115912,0.15399185921733935,0.026317849234028516,0.4999999999999799,-0.03854481344605016
3.1062282692361225,0.15513787235454615,0.019042073046937186,0.4999999999999877,-0.04848808064465654
3.156222037255668,0.1559201659401428,0.011766296859845765,0.49999999999999245,-0.05240681162395028
3.2062201737658476,0.15633869856209967,0.004490520672754287,0.49999999999999534,-0.053336267128217096
3.2562199694946647,0.1563642453603067,-0.005705534561510706,0.49999999999999717,-0.06432381224847837
3.306216617347494,0.1558118641597541,-0.017848442493890525,0.4999999999999983,-0.06837248578595478
3.3562028718882018,0.15465243391076877,-0.02999135042627035,0.49999999999999883,-0.0687092741334338
3.406171362723468,0.15288612556948733,-0.04213425835865017,0.4999999999999994,-0.07953278211737606
3.4561147220792074,0.15051319957525083,-0.05427716629102999,0.49999999999999944,-0.08326561022457443
3.5060227557608052,0.1474900671836868,-0.069355392416002,0.49999999999999944,-0.09640775858273623
3.555873447778697,0.14363674483259084,-0.08639049733603546,0.49999999999999944,-0.10093035334109002
3.605651268189943,0.13893481087837747,-0.10342560225606891,0.49999999999999944,-0.1009158023143123
3.6553417720792494,0.13338562976483176,-0.12046070717610237,0.49999999999999944,-0.11190574438940612
3.7049305398695074,0.12699081179651275,-0.13749581209613584,0.49999999999999944,-0.1151791964266171
3.754398711164352,0.11972298718359627,-0.15748746414674233,0.49999999999999944,-0.12795849014842509
3.8037000762381266,0.11139973315045189,-0.17945014761773084,0.49999999999999944,-0.1318208989506977
3.852806765001636,0.10199578320792105,-0.20141283108871938,0.49999999999999944,-0.14427681772220852
3.9016950913308737,0.09151567325793694,-0.22337551455970786,0.49999999999999944,-0.14779367833595933
3.9503414744267857,0.07996445827753283,-0.24533819803069637,0.49999999999999944,-0.1468738113631312
3.9987224501892373,0.0673477098806242,-0.2673008815016849,0.49999999999999944,-0.14376999964079984
4.046802106844043,0.053628554578766606,-0.29224770865768535,0.49999999999999944,-0.15265639946488122
4.094514337823636,0.0386810858599804,-0.3161998212520152,0.49999999999999944,-0.1541319971131454
4.141880599785858,0.022670514865662076,-0.33816250472300363,0.49999999999999944,-0.15204647200928395
4.1888682458589335,0.005581637700909102,-0.36310933187900424,0.49999999999999944,-0.16116452140376125
4.2353857106945165,-0.01274798152753584,-0.39004558815834606,0.49999999999999944,-0.16278425465636964
4.281410451845829,-0.032282745618860804,-0.41399770075267583,0.49999999999999944,-0.16044459874856598
4.3269870736656095,-0.0528417509288104,-0.43596038422366434,0.49999999999999944,-0.15649953680961853
4.3720816007423915,-0.07443694099423769,-0.46090721137966484,0.49999999999999944,-0.16420960597753878
4.416587044689099,-0.09722103489537533,-0.48784346765900666,0.49999999999999944,-0.16513790365729286
4.460484446559755,-0.12115640443827584,-0.5117955802533365,0.49999999999999944,-0.16246547613176998
4.503835861373551,-0.14606736566982786,-0.533758263724325,0.49999999999999944,-0.15836499554282676
4.546629753551508,-0.1719243559838446,-0.5557209471953136,0.49999999999999944,-0.15381290149424331
4.588821206456627,-0.19875251111973927,-0.580667774351314,0.49999999999999944,-0.16049856371304
4.630285751996636,-0.22669067388950537,-0.6076040306306558,0.49999999999999944,-0.16092488121152246
4.671009062632585,-0.25569922050937677,-0.6315561432249857,0.49999999999999944,-0.15801442925999953
4.711073738650847,-0.2856111393944901,-0.6535188266959742,0.49999999999999944,-0.15380814387112093
4.750444027562269,-0.3164307590753321,-0.6784656538519748,0.49999999999999944,-0.15989490327872016
4.788996965241385,-0.3482668769279713,-0.7039021303856894,0.49999999999999944,-0.15996895823431434
4.826768732926208,-0.3810264001821276,-0.7268543898162679,0.49999999999999944,-0.1570035876890157
4.863805377077837,-0.414614912293018,-0.7488170732872562,0.49999999999999944,-0.15284152861009453
4.900095454545002,-0.4490086825612659,-0.7707797567582447,0.49999999999999944,-0.148230870926241
4.935621461168965,-0.4841911214930946,-0.7927424402292335,0.49999999999999944,-0.15311674928431765
4.970366261332982,-0.520145259188224,-0.8147051237002217,0.49999999999999944,-0.15291409401076395
5.00431309622749,-0.5568537535251333,-0.8366678071712105,0.49999999999999944,-0.1501997924740346
5.03744559193355,-0.5942988985258623,-0.8586304906421987,0.49999999999999944,-0.14626385955611015
5.06974776732066,-0.6324626328963125,-0.8805931741131873,0.49999999999999944,-0.15059461152093617
5.101204041755072,-0.6713265487379346,-0.902555857584176,0.49999999999999944,-0.15004644196160888
5.13179924261498,-0.7108719004265946,-0.9245185410551643,0.49999999999999944,-0.14709211747394324
5.16151861260886,-0.7510796136543404,-0.9464812245261528,0.49999999999999944,-0.14296964046257934
5.1903478168935235,-0.7919302946297042,-0.9684439079971413,0.49999999999999944,-0.13829960662593593
5.218272949988375,-0.8334042394321058,-0.9904065914681298,0.49999999999999944,-0.1411005452200126
5.245280542482584,-0.8754814435158433,-1.0123692749391184,0.49999999999999944,-0.13973922764668725
5.271357567531928,-0.918141611359087,-1.034331958410107,0.49999999999999944,-0.13633308420326762
5.296517101551154,-0.9613494705260912,-1.0533380947505224,0.49999999999999944,-0.13194248132786784
5.320885355733187,-1.0050084837304685,-1.073329746801129,0.49999999999999944,-0.1342077692489094
5.344314968782968,-1.0491780930583239,-1.0952924302721174,0.49999999999999944,-0.1327505905540325
5.366795428208895,-1.0938384803143646,-1.114298566612533,0.49999999999999944,-0.1292146918006447
5.388485313535729,-1.1388883245129067,-1.1313336715325664,0.49999999999999944,-0.1250512560330475
5.409404660086924,-1.184301103856118,-1.1483687764525998,0.49999999999999944,-0.12086041046382098
5.429547397323702,-1.230063640110288,-1.1654038813726335,0.49999999999999944,-0.12232398233548136
5.4489076800698255,-1.2761626535465247,-1.182438986292667,0.49999999999999944,-0.12082150920599141
5.467479890207781,-1.322584766794369,-1.1994740912127002,0.49999999999999944,-0.11787376030288108
5.485258638309108,-1.369316508723744,-1.2165091961327332,0.49999999999999944,-0.11424196431190431
5.502238765198327,-1.4163443183541122,-1.2335443010527671,0.49999999999999944,-0.11509004553052313
5.51841534345008,-1.4636545487897075,-1.2505794059728006,0.49999999999999944,-0.113225574692517
5.533783678819002,-1.5112334711796953,-1.267614510892834,0.49999999999999944,-0.11004385499278668
5.548339311601941,-1.55906727870212,-1.2846496158128675,0.49999999999999944,-0.10624340182430497
5.562078017932104,-1.6071420905704745,-1.301684720732901,0.49999999999999944,-0.10217431551349321
5.574995811004777,-1.655443956061734,-1.3187198256529347,0.49999999999999944,-0.10170737334621598
5.587088942234238,-1.7039588585646885,-1.335754930572968,0.49999999999999944,-0.09917058994937275
5.598396841388452,-1.7526629805025797,-1.3498547173004092,0.49999999999999944,-0.09564046309029793
5.609093418160245,-1.8015051054243703,-1.361997625232789,0.49999999999999944,-0.09203799357823941
5.619196135484303,-1.8504735138545072,-1.3741405331651688,0.49999999999999944,-0.09158962982977406
5.628703503731115,-1.899560985479456,-1.3862834410975486,0.49999999999999944,-0.08969346594358817
5.637614121054429,-1.9487602824300023,-1.3984263490299285,0.49999999999999944,-0.08710707485303965
5.645926673597967,-1.998064150348468,-1.4105692569623083,0.49999999999999944,-0.08420957803316682
5.653639935689146,-2.047465319458352,-1.4227121648946883,0.49999999999999944,-0.08343902321486893
5.660752770019803,-2.0969565056362485,-1.4348550728270681,0.49999999999999944,-0.08135748440402082
5.667264127813886,-2.146530411485879,-1.4469979807594477,0.49999999999999944,-0.07865487328872597
5.6731730489820995,-2.1961797274140813,-1.4591408886918276,0.49999999999999944,-0.07567648178830191
5.678478662263464,-2.2458971327085973,-1.4712837966242072,0.49999999999999944,-0.07418514215114094
5.683180185353782,-2.295675296617502,-1.4834267045565876,0.49999999999999944,-0.07172017689327763
5.68727692502099,-2.345506879430109,-1.495569612488967,0.49999999999999944,-0.06880370295294747
5.69079741514423,-2.3953825886967905,-1.5047922413741746,0.49999999999999944,-0.06569711435603032
5.693925791300833,-2.4452845133757957,-1.512068017561267,0.49999999999999944,-0.06388323753824175
5.696691012622574,-2.495207878397477,-1.5193437937483592,0.49999999999999944,-0.061934374651162166
5.699092932727799,-2.545150040984358,-1.5266195699354512,0.49999999999999944,-0.05994089411515835
5.70113142446682,-2.5951083573638782,-1.5338953461225435,0.49999999999999944,-0.057948059188111564
5.70280637992864,-2.6450801829083503,-1.541171122309636,0.49999999999999944,-0.056541767661272196
5.704117710446669,-2.695062872274957,-1.5484468984967281,0.49999999999999944,-0.05479014518931654
5.705065346603415,-2.745053779545787,-1.5557226746838204,0.49999999999999944,-0.05288896154232929
5.705649238234162,-2.795050258367898,-1.5629984508709125,0.49999999999999944,-0.05093617941046807
5.7058693544296215,-2.8450496620934103,-1.5702742270580052,0.49999999999999944,-0.049140915535558036
5.705725683537571,-2.8950493439196077,-1.5775500032450973,0.49999999999999944,-0.047188932777345566
5.705218233163471,-2.9450466570290548,-1.5848257794321898,0.49999999999999944,-0.04518195083021925
5.704347030170064,-2.9950389547297056,-1.5921015556192815,0.49999999999999944,-0.043170905748271454
5.703112120675948,-3.045023590595016,-1.5993773318063742,0.49999999999999944,-0.040938277295059625
5.701513570053141,-3.09499791860403,-1.6066531079934665,0.49999999999999944,-0.03876263805379306
5.699551462923612,-3.14495929328146,-1.6139288841805586,0.49999999999999944,-0.036639135589961
5.697225903154809,-3.1949050698377213,-1.6212046603676513,0.49999999999999944,-0.03456541790601212
5.6945806172723525,-3.244835006804959,-1.6255691316757315,0.49999999999999944,-0.031894639218897944
5.6917949487823964,-3.294757335239194,-1.6279927330644703,0.49999999999999944,-0.02991994246787255
5.688888296767653,-3.344672765712112,-1.6304163344532097,0.49999999999999944,-0.028587174366831235
5.6858606783013315,-3.3945810050284195,-1.632839935841949,0.49999999999999944,-0.02758353401332634
5.682712111167183,-3.4444817600350643,-1.6352635372306878,0.49999999999999944,-0.02594232457701753
5.679442613859388,-3.4943747376229557,-1.637687138619427,0.49999999999999944,-0.024767881755716023
5.676052205582453,-3.5442596447286845,-1.640110740008166,0.49999999999999944,-0.023834999098502806
5.672540906251097,-3.594136188336248,-1.6425343413969051,0.49999999999999944,-0.023031076530278784
5.668908736490138,-3.6440040754787675,-1.644957942785644,0.49999999999999944,-0.021352119370741093
5.665155717634359,-3.6938630132402124,-1.6473815441743833,0.49999999999999944,-0.020158627040344837
5.661281871728395,-3.7437127087571196,-1.6498051455631226,0.49999999999999944,-0.01921606144575502
5.6572872215266,-3.793552869220312,-1.6522287469518615,0.49999999999999944,-0.018407156536407083
5.653171790492914,-3.843383201876621,-1.6546523483406008,0.49999999999999944,-0.016589005921525044
5.648935602800725,-3.8932034140306047,-1.65707594972934,0.49999999999999944,-0.015325833068700933
5.644578683332719,-3.9430132130462687,-1.6594995511180788,0.49999999999999944,-0.014348361545072887
5.640101057680756,-3.992812306348782,-1.661923152506818,0.49999999999999944,-0.01352195596506156
5.635502752145692,-4.042600401426197,-1.6643467538955574,0.49999999999999944,-0.011559300942882024
5.630783793737242,-4.092377205831168,-1.6667703552842958,0.49999999999999944,-0.010223893231670823
5.625944210173818,-4.142142427182671,-1.6691939566730352,0.49999999999999944,-0.009210340333825291
5.6209840298823615,-4.191895773167717,-1.671617558061774,0.49999999999999944,-0.008365948655175336
5.6159032819981825,-4.241636951543072,-1.6740411594505133,0.49999999999999944,-0.006259542595187291
5.610701996364787,-4.291365670136971,-1.6764647608392524,0.49999999999999944,-0.004852387155604715
5.605380203533697,-4.341081636850838,-1.6788883622279918,0.49999999999999944,-0.003803107392341593
5.599937934764277,-4.390784559660997,-1.681311963616731,0.49999999999999944,-0.002941018300862304
5.594404124687413,-4.4404773822523715,-1.6808272433389826,0.49999999999999944,-0.0006920536733967603
5.588961855917994,-4.49018030506253,-1.6784036419502437,0.49999999999999944,0.00036366988787154484
5.583640063086904,-4.5398962717763975,-1.6759800405615044,0.49999999999999944,0.0005460829268130236
5.578424314129805,-4.589623483510923,-1.675010600006009,0.49999999999999944,0.00030010049055387153
5.573244722502617,-4.639354471740863,-1.6735564391727653,0.49999999999999944,0.001449979709063228
5.568176030195299,-4.689096878565213,-1.6711328377840264,0.49999999999999944,0.001813338946114034
5.563227908422566,-4.738851423777763,-1.6687092363952873,0.49999999999999944,0.0016489886923273826
5.558400386248897,-4.788617815128233,-1.6662856350065485,0.49999999999999944,0.0012290408897484859
5.553693492030387,-4.838395760296763,-1.663862033617809,0.49999999999999944,0.001978080809635137
5.5491072534145855,-4.888184966895627,-1.66143843222907,0.49999999999999944,0.0019985241795885938
5.544641697340326,-4.937985142470952,-1.6590148308403312,0.49999999999999944,0.0016629245914324552
5.540296850037574,-4.987795994504432,-1.6565912294515919,0.49999999999999944,0.0011575612608492468
5.5360727370272755,-5.037617230415053,-1.654167628062853,0.49999999999999944,0.0017332219325473153
5.531969383121194,-5.087448557560805,-1.6517440266741137,0.49999999999999944,0.001667156960161236
5.527986812421776,-5.137289683240403,-1.6493204252853746,0.49999999999999944,0.001288485927895389
5.52412504832201,-5.187140314695013,-1.6468968238966357,0.49999999999999944,0.0007617710316971768
5.520384113505285,-5.2370001591099555,-1.644473222507896,0.49999999999999944,0.0011952119471845208
5.516764029945254,-5.286868923616446,-1.6420496211191575,0.49999999999999944,0.0010581978269507874
5.513264818905708,-5.336746315293298,-1.6396260197304182,0.49999999999999944,0.0006442152951964855
5.509842976531907,-5.386629083049181,-1.640110740008166,0.49999999999999944,0.00010001004315457994
5.506363106432668,-5.436507836324609,-1.6396260197304182,0.49999999999999944,0.0008245406867047818
5.502984788467421,-5.486393562199964,-1.637202418341679,0.49999999999999944,0.0011180723338897868
5.499727383420176,-5.536287329253011,-1.6347788169529405,0.49999999999999944,0.0009195148211954019
5.496569140603733,-5.5861874819969,-1.6338093763974444,0.49999999999999944,0.0004831725405179372
5.493442342550492,-5.636089611146721,-1.6323552155642012,0.49999999999999944,0.000978024126365843
5.490426820029346,-5.685998581305501,-1.6299316141754616,0.49999999999999944,0.0010143726768738833
5.487532265695522,-5.735914713303021,-1.627508012786723,0.49999999999999944,0.0006873587378422449
5.484715139492636,-5.7858352834537685,-1.6279927330644703,0.49999999999999944,0.00018692459638934407
5.481839941178524,-5.8357525425819805,-1.627508012786723,0.49999999999999944,0.0007645132059079842
5.479066372034172,-5.885675543218832,-1.6250844113979839,0.49999999999999944,0.0009846260376749824
5.476413804370795,-5.935605119255251,-1.6226608100092448,0.49999999999999944,0.0007496205481597204
5.4738386854413035,-5.985538758084377,-1.6231455302869924,0.49999999999999944,0.00029531641454775225
5.47120547903366,-6.035469367416062,-1.6226608100092448,0.49999999999999944,0.0008268741492481421
5.468673928432022,-6.085405225573671,-1.6202372086205057,0.49999999999999944,0.00102399487489408
5.46626340976204,-6.135347072537185,-1.6178136072317664,0.49999999999999944,0.0007776099553657916
5.463954568495594,-6.185293731847141,-1.6173288869540188,0.49999999999999944,0.00031773267331721534
5.4616118335410935,-6.235238812857702,-1.6168441666762703,0.49999999999999944,0.000632113721055918
5.459370783203301,-6.285188551313163,-1.6144205652875316,0.49999999999999944,0.0007206674751933657
5.45725079758427,-6.335143574477613,-1.6119969638987928,0.49999999999999944,0.00042010677164056086
5.4552082996196996,-6.3851018343180375,-1.6124816841765401,0.49999999999999944,-6.674929806984746e-05
5.453107685174246,-6.435057684257464,-1.6119969638987928,0.49999999999999944,0.0002949145433951024
5.451108776726436,-6.485017698703044,-1.6095733625100537,0.49999999999999944,0.0004071300897139168
5.449187363549911,-6.534980762016091,-1.6100580827878013,0.49999999999999944,0.00011850285155182668
5.447186033015304,-6.584940690134954,-1.6110275233432967,0.49999999999999944,3.9500861721185156e-05
5.445196810985971,-6.634901098014283,-1.6095733625100537,0.49999999999999944,0.0006484980770895009
5.443318991450651,-6.684865810283825,-1.6071497611213141,0.49999999999999944,0.0007422501031551793
5.441562271857834,-6.734834926892563,-1.604726159732575,0.49999999999999944,0.0004444895939714419
5.439883061404338,-6.784806716699128,-1.605210880010323,0.49999999999999944,-4.076541258226071e-05
5.438145718484342,-6.834776519218219,-1.604726159732575,0.49999999999999944,0.00021123455539385426
5.436510109152717,-6.884749746655516,-1.6023025583438362,0.49999999999999944,0.0002686564383002259
5.434952015211534,-6.934725459431714,-1.6027872786215842,0.49999999999999944,-4.7175869738731984e-05
5.433292183036322,-6.984697888185334,-1.605210880010323,0.49999999999999944,-0.00013981879938030115
5.431554840116326,-7.034667690704425,-1.604726159732575,0.49999999999999944,0.0005659858062793057
5.4299192307847015,-7.084640918141722,-1.6023025583438362,0.49999999999999944,0.0008503287292275219
5.42840474132158,-7.134617962872792,-1.5998789569550973,0.49999999999999944,0.0006480488943379765
5.426967773044707,-7.184597305069242,-1.6003636772328451,0.49999999999999944,0.00021071843258465862
5.425472663351509,-7.234574941780313,-1.5998789569550973,0.49999999999999944,0.0004062505858355628
5.424079302652759,-7.284555510247954,-1.597455355566358,0.49999999999999944,0.000435474232651001
5.422763468480721,-7.3345381882939575,-1.5979400758441058,0.49999999999999944,0.00010572087929443811
5.421367684826927,-7.384518699791366,-1.5989095163996014,0.49999999999999944,6.081850178788398e-06
5.419984014602974,-7.434499544286656,-1.597455355566358,0.49999999999999944,0.0004108888195143073
5.418711790852978,-7.484483342912966,-1.5950317541776189,0.49999999999999944,0.000402759008942857
5.417517098514774,-7.534469063218226,-1.5955164744553665,0.49999999999999944,5.4414269525337864e-05
5.4162206467544305,-7.58445223929997,-1.5979400758441058,0.49999999999999944,-5.45375401774203e-05
5.41484666720341,-7.634433352777083,-1.597455355566358,0.49999999999999944,0.0005189774552274912
5.413574443453413,-7.684417151403392,-1.5950317541776189,0.49999999999999944,0.0007372266683202486
5.412423364125008,-7.734403886591491,-1.59260815278888,0.49999999999999944,0.0005021558210037964
5.411349820638071,-7.784392355547842,-1.5930928730666276,0.49999999999999944,4.868630435457281e-05
5.410218124871474,-7.834379541795026,-1.59260815278888,0.49999999999999944,0.00011010963894196117
5.4091663888226345,-7.884368476498961,-1.5916387122333842,0.49999999999999944,7.232891387859447e-05
5.40810253756128,-7.934357151018743,-1.5930928730666276,0.49999999999999944,-8.519868376808318e-05
5.406970841794683,-7.984344337265926,-1.59260815278888,0.49999999999999944,3.655732529144097e-05
5.4059409136491245,-8.034333715401694,-1.590184551400141,0.49999999999999944,0.00024193467890066563
5.404988525319278,-8.08432463938483,-1.5906692716778883,0.49999999999999944,-7.672368688830676e-06
5.403934366430407,-8.134313512420965,-1.5930928730666276,0.49999999999999944,-6.565214267039437e-05
5.40280267066381,-8.184300698668148,-1.59260815278888,0.49999999999999944,0.00024112905968627117
5.401772742518252,-8.234290076803916,-1.590184551400141,0.49999999999999944,0.0005296160997638753
5.400863971605177,-8.284281804257692,-1.5877609500114014,0.49999999999999944,0.0003216443327534525
5.4000327440266,-8.334274889628881,-1.5882456702891499,0.49999999999999944,-0.0001262949576032328
5.399099741217216,-8.384266170710115,-1.5906692716778883,0.49999999999999944,-0.00028510940415964143
5.398089197669724,-8.434255952925664,-1.590184551400141,0.49999999999999944,0.00012642964952479325
5.397180426756649,-8.48424768037944,-1.5877609500114014,0.49999999999999944,0.00026375490439907375
5.396349199178072,-8.53424076575063,-1.5882456702891499,0.49999999999999944,-1.145672598732922e-05
5.395416196368688,-8.584232046831863,-1.5906692716778883,0.49999999999999944,-8.39230945499881e-05
5.394405652821196,-8.634221829047412,-1.590184551400141,0.49999999999999944,0.00036260770014457207
5.3934968819081215,-8.684213556501188,-1.5877609500114014,0.49999999999999944,0.0005174447374047525
5.392687463769023,-8.734207001909828,-1.586791509455906,0.49999999999999944,0.0002510680033316849
5.391865929298573,-8.784200245862033,-1.5882456702891499,0.49999999999999944,-1.7325143511329584e-05
5.390976543905961,-8.834192330413906,-1.5877609500114014,0.49999999999999944,0.0001588287286418255
5.390188935563343,-8.884186113542253,-1.5853373486226625,0.49999999999999944,0.00017849274807711825
5.389478873618534,-8.934181066650078,-1.5858220689004103,0.49999999999999944,-0.00015539230868312582
5.388667032368948,-8.98417446213559,-1.5882456702891499,0.49999999999999944,-0.0002572268836249418
5.387777646976336,-9.034166546687462,-1.5877609500114014,0.49999999999999944,0.00012720188274580589
5.386990038633718,-9.08416032981581,-1.5853373486226625,0.49999999999999944,0.0002510190308952008
5.386279976688909,-9.134155282923635,-1.5858220689004103,0.49999999999999944,-3.0711414726440904e-05
5.385468135439323,-9.184148678409146,-1.5882456702891499,0.49999999999999944,-0.00010648424558141427
5.384578750046711,-9.234140762961019,-1.5877609500114014,0.49999999999999944,0.0002847014304204336
5.383791141704093,-9.284134546089366,-1.5853373486226625,0.49999999999999944,0.00041191269573917017
5.383081079759284,-9.334129499197191,-1.5858220689004103,0.49999999999999944,0.0001319572846932779
5.382291047949177,-9.384123254720153,-1.586791509455906,0.49999999999999944,5.70564206442308e-05
5.381513132714686,-9.434117196429515,-1.5853373486226625,0.49999999999999944,0.0002280198916077738
5.3808248810178885,-9.484112456716394,-1.5843679080671669,0.49999999999999944,0.00010344572484477377
5.3801245125370745,-9.53410754491256,-1.5858220689004103,0.49999999999999944,-9.722618893407067e-05
5.3793562905234475,-9.584101638155229,-1.5853373486226625,0.49999999999999944,2.5790662595813146e-06
5.37866803882665,-9.634096898442108,-1.5843679080671669,0.49999999999999944,4.095739323310334e-05
5.377967670345836,-9.684091986638274,-1.5858220689004103,0.49999999999999944,-8.151214108491375e-05
5.377199448332209,-9.734086079880942,-1.5853373486226625,0.49999999999999944,6.230508479002759e-05
5.376511196635411,-9.784081340167821,-1.5843679080671669,0.49999999999999944,6.916794708036129e-05
5.375810828154597,-9.834076428363987,-1.5858220689004103,0.49999999999999944,-2.4764672133005464e-05
5.37504260614097,-9.884070521606656,-1.5853373486226625,0.49999999999999944,0.00013823181001727415
5.374376164995097,-9.934066066754044,-1.5829137472339232,0.49999999999999944,0.00015304737992503893
5.373787272854844,-9.984062593936102,-1.5833984675116712,0.49999999999999944,-0.00017461062188588123
5.3730965979336816,-10.034057810172646,-1.5858220689004103,0.49999999999999944,-0.0002575634495686563
5.372328375920055,-10.084051903415315,-1.5853373486226625,0.49999999999999944,5.247301780631194e-05
5.371661934774182,-10.134047448562702,-1.5829137472339232,0.49999999999999944,0.000140824099244794
5.371073042633928,-10.18404397574476,-1.5833984675116712,0.49999999999999944,-0.00014998867678116528
5.370382367712766,-10.234039191981305,-1.5858220689004103,0.49999999999999944,-0.00021760469609018176
5.369614145699139,-10.284033285223973,-1.5853373486226625,0.49999999999999944,0.00010002268006508671
5.368947704553267,-10.334028830371361,-1.5829137472339232,0.49999999999999944,0.0001921847300238625
5.368358812413013,-10.38402535755342,-1.5833984675116712,0.49999999999999944,-9.664510317055509e-05
5.367668137491851,-10.434020573789963,-1.5858220689004103,0.49999999999999944,-0.00016573343961050896
5.366899915478224,-10.484014667032632,-1.5853373486226625,0.49999999999999944,0.00015108029381210688
5.366233474332351,-10.53401021218002,-1.5829137472339232,0.49999999999999944,0.0002428510329307189
5.3656688165908735,-10.584007018936592,-1.5824290269561756,0.49999999999999944,-4.609700516997842e-05
5.365026609376873,-10.634002881248184,-1.584852628344915,0.49999999999999944,-0.00026090302378057727
5.364306854018174,-10.683997695743718,-1.5843679080671669,0.49999999999999944,-1.702556925678443e-05
5.3636670700700995,-10.733993599756449,-1.5833984675116712,0.49999999999999944,3.8292452205627726e-05
5.363015169176872,-10.783989343425047,-1.584852628344915,0.49999999999999944,-6.894242360937767e-05
5.362295413818174,-10.83398415792058,-1.5843679080671669,0.49999999999999944,0.0001010784109068536
5.361677440686934,-10.883980325649663,-1.5819443066784278,0.49999999999999944,0.00011783116598058785
5.3611370174769,-10.933977400233811,-1.5824290269561756,0.49999999999999944,-0.00021673312159849103
5.3604948102628995,-10.983973262545403,-1.584852628344915,0.49999999999999944,-0.00032387992785722455
5.359775054904201,-11.033968077040937,-1.5843679080671669,0.49999999999999944,-1.806545371068206e-05
5.3591570817729615,-11.08396424477002,-1.5819443066784278,0.49999999999999944,6.65996097570594e-05
5.358616658562927,-11.133961319354167,-1.5824290269561756,0.49999999999999944,-0.00023393111490615295
5.357974451348927,-11.18395718166576,-1.584852628344915,0.49999999999999944,-0.0003240300231884807
5.357254695990228,-11.233951996161293,-1.5843679080671669,0.49999999999999944,-9.769020241906696e-06
5.356636722858989,-11.283948163890376,-1.5819443066784278,0.49999999999999944,7.913479628709464e-05
5.3560962996489545,-11.333945238474524,-1.5824290269561756,0.49999999999999944,-0.0002191991428998785
5.355454092434954,-11.383941100786116,-1.584852628344915,0.49999999999999944,-0.0003075406914113663
5.3547343370762555,-11.43393591528165,-1.5843679080671669,0.49999999999999944,7.521569610325837e-06
5.354116363945016,-11.483932083010732,-1.5819443066784278,0.49999999999999944,9.684150453075838e-05
5.353575940734982,-11.53392915759488,-1.5824290269561756,0.49999999999999944,-0.0002012069658022722
5.352933733520981,-11.583925019906472,-1.584852628344915,0.49999999999999944,-0.00028811598160332887
5.352213978162283,-11.633919834402006,-1.5843679080671669,0.49999999999999944,2.7585120714330433e-05
5.351596005031043,-11.683916002131088,-1.5819443066784278,0.49999999999999944,0.00011723996700065568
5.351055581821009,-11.733913076715236,-1.5824290269561756,0.49999999999999944,-0.00018056363649806293
5.350413374607008,-11.783908939026828,-1.584852628344915,0.49999999999999944,-0.00026542647232540484
5.34969361924831,-11.833903753522362,-1.5843679080671669,0.49999999999999944,5.1220289505278895e-05
5.34907564611707,-11.883899921251444,-1.5819443066784278,0.49999999999999944,0.0001413634584099858
5.348535222907036,-11.933896995835592,-1.5824290269561756,0.49999999999999944,-0.00015611856982364482
5.347893015693035,-11.983892858147184,-1.584852628344915,0.49999999999999944,-0.00023825917609082364
5.347173260334337,-12.033887672642718,-1.5843679080671669,0.49999999999999944,7.967126168499868e-05
5.346555287203097,-12.0838838403718,-1.5819443066784278,0.49999999999999944,0.00017047176450499317
5.346014863993063,-12.133880914955949,-1.5824290269561756,0.49999999999999944,-0.0001266041779284609
5.3453726567790625,-12.18387677726754,-1.584852628344915,0.49999999999999944,-0.0002053379516145003
5.344652901420364,-12.233871591763075,-1.5843679080671669,0.49999999999999944,0.00011421845124829074
5.344034928289124,-12.283867759492157,-1.5819443066784278,0.49999999999999944,0.00020584743678529006
5.34349450507909,-12.333864834076305,-1.5824290269561756,0.49999999999999944,-9.073683743069565e-05
5.34285229786509,-12.383860696387897,-1.584852628344915,0.49999999999999944,-0.0001653740814976104
5.342132542506391,-12.433855510883431,-1.5843679080671669,0.49999999999999944,0.00015615311726168736
5.341514569375152,-12.483851678612513,-1.5819443066784278,0.49999999999999944,0.000248783006568119
5.3409741461651175,-12.533848753196661,-1.5824290269561756,0.49999999999999944,-4.7223376440410546e-05
5.340331938951117,-12.583844615508253,-1.584852628344915,0.49999999999999944,-0.00011706852906338803
5.339612183592418,-12.633839430003787,-1.5843679080671669,0.49999999999999944,0.00020677722181283557
5.338994210461179,-12.68383559773287,-1.5819443066784278,0.49999999999999944,0.0003005819003918867
5.338453787251145,-12.733832672317018,-1.5824290269561756,0.49999999999999944,5.240369875132635e-06
5.337811580037144,-12.78382853462861,-1.584852628344915,0.49999999999999944,-5.9110518581906144e-05
5.337091824678446,-12.833823349124144,-1.5843679080671669,0.49999999999999944,0.00026740483710730226
5.336473851547206,-12.883819516853226,-1.5819443066784278,0.49999999999999944,0.0003625598408430611
5.335933428337172,-12.933816591437374,-1.5824290269561756,0.49999999999999944,6.797095732746347e-05
5.335313031658722,-12.983812739784142,-1.5833984675116712,0.49999999999999944,9.822982578985415e-06
5.334704752117881,-13.033809033204268,-1.5819443066784278,0.49999999999999944,0.00012518587871398294
5.334164328907847,-13.083806107788416,-1.5824290269561756,0.49999999999999944,-2.6351951314476107e-05
5.333543932229397,-13.133802256135183,-1.5833984675116712,0.49999999999999944,-3.568601631796156e-05
5.3329356526885565,-13.18379854955531,-1.5819443066784278,0.49999999999999944,0.00013822054704063465
5.332395229478522,-13.233795624139457,-1.5824290269561756,0.49999999999999944,1.1043709760012918e-05
5.331774832800073,-13.283791772486225,-1.5833984675116712,0.49999999999999944,1.5527097203870423e-05
5.331166553259232,-13.33378806590635,-1.5819443066784278,0.49999999999999944,0.00015556483130907308
5.330647941213931,-13.383785373664844,-1.5809748661229324,0.49999999999999944,5.778836117582419e-05
5.330117211870452,-13.433782550446292,-1.5824290269561756,0.49999999999999944,-0.00013547470975284825
5.329496815192003,-13.48377869879306,-1.5833984675116712,0.49999999999999944,-2.2980020458751833e-05
5.328888535651162,-13.533774992213186,-1.5819443066784278,0.49999999999999944,0.0001710323226900654
5.328369923605861,-13.58377229997168,-1.5809748661229324,0.49999999999999944,0.0001081714683840891
5.327839194262382,-13.633769476753127,-1.5824290269561756,0.49999999999999944,-6.760279271072954e-05
5.327240608400768,-13.683765888816247,-1.5819443066784278,0.49999999999999944,5.358978109689092e-05
5.326721996355467,-13.73376319657474,-1.5809748661229324,0.49999999999999944,4.779774216259076e-05
5.326191267011988,-13.783760373356188,-1.5824290269561756,0.49999999999999944,-5.479286073070689e-05
5.325592681150374,-13.833756785419308,-1.5819443066784278,0.49999999999999944,0.00010790234023912832
5.32509588049699,-13.883754304032697,-1.5795207052896887,0.49999999999999944,0.00012122469474104535
5.324676631734903,-13.933752541548573,-1.5800054255674363,0.49999999999999944,-0.00021389271340114158
5.324155596329722,-13.983749813479072,-1.5824290269561756,0.49999999999999944,-0.0002859005278871415
5.323557010468107,-14.033746225542192,-1.5819443066784278,0.49999999999999944,3.632117558120525e-05
5.323060209814724,-14.083743744155582,-1.5795207052896887,0.49999999999999944,0.00012942232672491012
5.322640961052636,-14.133741981671458,-1.5800054255674363,0.49999999999999944,-0.00016572813581375501
5.322119925647455,-14.183739253601956,-1.5824290269561756,0.49999999999999944,-0.00020776778934437497
5.321521339785841,-14.233735665665076,-1.5819443066784278,0.49999999999999944,0.00012936028824266912
5.321024539132457,-14.283733184278466,-1.5795207052896887,0.49999999999999944,0.00022993019731214974
5.32060529037037,-14.333731421794342,-1.5800054255674363,0.49999999999999944,-6.140825237882066e-05
5.320084254965189,-14.38372869372484,-1.5824290269561756,0.49999999999999944,-9.083033268834719e-05
5.319485669103575,-14.43372510578796,-1.5819443066784278,0.49999999999999944,0.00025252869341756097
5.318988868450191,-14.48372262440135,-1.5795207052896887,0.49999999999999944,0.00035622967972222475
5.318569619688104,-14.533720861917226,-1.5800054255674363,0.49999999999999944,6.653451937622968e-05
5.318070395447656,-14.58371836702207,-1.5809748661229324,0.49999999999999944,4.938215846707603e-05
5.317583288660828,-14.63371598783276,-1.5795207052896887,0.49999999999999944,0.00018499442711764956
5.317185851564538,-14.683714405660783,-1.5785512647341933,0.49999999999999944,4.395391843674027e-05
5.316776296888223,-14.733712721879614,-1.5800054255674363,0.49999999999999944,-0.0001641449413663033
5.316298884039693,-14.783710437839355,-1.5795207052896887,0.49999999999999944,5.970330339759059e-06
5.315901446943403,-14.833708855667378,-1.5785512647341933,0.49999999999999944,2.1427985969656458e-05
5.315491892267088,-14.88370717188621,-1.5800054255674363,0.49999999999999944,-0.00011169559769722745
5.315014479418558,-14.93370488784595,-1.5795207052896887,0.49999999999999944,2.5585182594784778e-05
5.314638854161156,-14.983703463666181,-1.5770971039009498,0.49999999999999944,0.00011119851008078683
5.314340782309618,-15.033702570432101,-1.5775818241786974,0.49999999999999944,-0.00020383137231054163
5.3139409217737335,-15.083700958305483,-1.5800054255674363,0.49999999999999944,-0.0002934144697980338
5.313463508925203,-15.133698674265224,-1.5795207052896887,0.49999999999999944,3.106062968263613e-06
5.313087883667801,-15.183697250085455,-1.5770971039009498,0.49999999999999944,0.00018209699695255553
5.312789811816263,-15.233696356851375,-1.5775818241786974,0.49999999999999944,-8.6166127201662e-05
5.3123899512803785,-15.283694744724757,-1.5800054255674363,0.49999999999999944,-0.00015238139156784362
5.3118883035821165,-15.333692223399243,-1.5804901458451843,0.49999999999999944,0.00015574499242695125
5.3114642078616985,-15.383690411578469,-1.5780665444564452,0.49999999999999944,0.0005014507177385638
5.311161288946493,-15.433689480754968,-1.5756429430677061,0.49999999999999944,0.000316623652960177
5.310935924127238,-15.48368896810151,-1.5761276633454542,0.49999999999999944,-0.00012520799086386745
5.310608769685869,-15.53368788457334,-1.5785512647341933,0.49999999999999944,-0.0002798756704601768
5.31020406203678,-15.58368624190573,-1.5780665444564452,0.49999999999999944,8.773258038735288e-05
5.309901143121574,-15.633685311082228,-1.5756429430677061,0.49999999999999944,0.00020199924746052897
5.309675778302319,-15.683684798428772,-1.5761276633454542,0.49999999999999944,-9.020743056622097e-05
5.30934862386095,-15.7336837149006,-1.5785512647341933,0.49999999999999944,-0.00017007819711621928
5.308943916211861,-15.78368207223299,-1.5780665444564452,0.49999999999999944,0.000250109059173865
5.3086409972966555,-15.833681141409489,-1.5756429430677061,0.49999999999999944,0.0003906809950493778
5.3084156324774,-15.883680628756032,-1.5761276633454542,0.49999999999999944,0.00011170534038054936
5.308110289940967,-15.933679693822153,-1.5770971039009498,0.49999999999999944,3.8434466432725836e-05
5.307817065215729,-15.983678827604766,-1.5756429430677061,0.49999999999999944,0.00025733742070289587
5.307613512597484,-16.033678410681855,-1.57467350251221,0.49999999999999944,0.00015331308871253867
5.3073978420963055,-16.083677939139488,-1.5761276633454542,0.49999999999999944,-3.936389464120405e-05
5.307114311605447,-16.13367713047974,-1.5756429430677061,0.49999999999999944,6.785879208727545e-05
5.306932571274752,-16.183676786966934,-1.573219341678967,0.49999999999999944,0.00017098199116286417
5.306828385825713,-16.23367667366292,-1.5737040619567146,0.49999999999999944,-0.000134823517545709
5.306622409669938,-16.283676236183087,-1.5761276633454542,0.49999999999999944,-0.00021988829446309739
5.306338879179079,-16.33367542752334,-1.5756429430677061,0.49999999999999944,7.842190842671973e-05
5.306157138848384,-16.383675084010534,-1.573219341678967,0.49999999999999944,0.0002879171652914877
5.3060529533993455,-16.43367497070652,-1.5737040619567146,0.49999999999999944,3.537614595122922e-05
5.305868789444581,-16.483674628957235,-1.57467350251221,0.49999999999999944,-2.307201706708837e-05
